dteday,mnth,hr,holiday,weekday,weathersit,temp,atemp,hum,windspeed,casual,registered,cnt
2011-01-01,1,0,False,6,1,0.24,0.2879,0.81,0.0,3,13,16
2011-01-01,1,1,False,6,1,0.22,0.2727,0.8,0.0,8,32,40
2011-01-01,1,2,False,6,1,0.22,0.2727,0.8,0.0,5,27,32
2011-01-01,1,3,False,6,1,0.24,0.2879,0.75,0.0,3,10,13
2011-01-01,1,4,False,6,1,0.24,0.2879,0.75,0.0,0,1,1
2011-01-01,1,5,False,6,2,0.24,0.2576,0.75,0.0896,0,1,1
2011-01-01,1,6,False,6,1,0.22,0.2727,0.8,0.0,2,0,2
2011-01-01,1,7,False,6,1,0.2,0.2576,0.86,0.0,1,2,3
2011-01-01,1,8,False,6,1,0.24,0.21195783619817998,0.75,0.0,1,7,8
2011-01-01,1,9,False,6,1,0.32,0.3485,0.76,0.0,8,6,14
2011-01-01,1,10,False,6,1,0.38,0.3939,0.76,0.2537,12,24,36
2011-01-01,1,11,False,6,1,0.36,0.3333,0.81,0.2836,26,30,56
2011-01-01,1,12,False,6,1,0.42,0.4242,0.77,0.2836,29,55,84
2011-01-01,1,13,False,6,2,0.46,0.4545,0.72,0.2985,47,47,94
2011-01-01,1,14,False,6,2,0.46,0.4545,0.72,0.2836,35,71,106
2011-01-01,1,15,False,6,2,0.44,0.4394,0.77,0.2985,40,70,110
2011-01-01,1,16,False,6,2,0.42,0.4242,0.82,0.2985,41,52,93
2011-01-01,1,17,False,6,2,0.44,0.21195783619817998,0.82,0.2836,15,52,67
2011-01-01,1,18,False,6,3,0.42,0.4242,0.88,0.2537,9,26,35
2011-01-01,1,19,False,6,3,0.42,0.4242,0.88,0.2537,6,31,37
2011-01-01,1,20,False,6,2,0.4,0.4091,0.87,0.2537,11,25,36
2011-01-01,1,21,False,6,2,0.4,0.4091,0.87,0.194,3,31,34
2011-01-01,1,22,False,6,2,0.4,0.4091,0.94,0.2239,11,17,28
2011-01-01,1,23,False,6,2,0.46,0.21195783619817998,0.88,0.2985,15,24,39
2011-02-01,1,0,False,0,2,0.46,0.4545,0.88,0.2985,4,13,17
2011-02-01,1,1,False,0,2,0.44,0.4394,0.94,0.2537,1,16,17
2011-02-01,1,2,False,0,2,0.42,0.4242,1.0,0.2836,1,8,9
2011-02-01,1,3,False,0,2,0.46,0.4545,0.94,0.194,2,4,6
2011-02-01,1,4,False,0,2,0.46,0.21195783619817998,0.94,0.194,2,1,3
2011-02-01,1,6,False,0,3,0.42,0.4242,0.77,0.2985,0,2,2
2011-02-01,1,7,False,0,2,0.4,0.4091,0.76,0.194,0,1,1
2011-02-01,1,8,False,0,3,0.4,0.4091,0.71,0.2239,0,8,8
2011-02-01,1,9,False,0,2,0.38,0.21195783619817998,0.76,0.2239,1,19,20
2011-02-01,1,10,False,0,2,0.36,0.3485,0.81,0.2239,7,46,53
2011-02-01,1,11,False,0,2,0.36,0.3333,0.71,0.2537,16,54,70
2011-02-01,1,12,False,0,2,0.36,0.3333,0.66,0.2985,20,73,93
2011-02-01,1,13,False,0,2,0.36,0.3485,0.66,0.1343,11,64,75
2011-02-01,1,14,False,0,3,0.36,0.21195783619817998,0.76,0.194,4,55,59
2011-02-01,1,15,False,0,3,0.34,0.3333,0.81,0.1642,19,55,74
2011-02-01,1,16,False,0,3,0.34,0.3333,0.71,0.1642,9,67,76
2011-02-01,1,17,False,0,1,0.34,0.3333,0.57,0.194,7,58,65
2011-02-01,1,18,False,0,2,0.36,0.3333,0.46,0.3284,10,43,53
2011-02-01,1,19,False,0,1,0.32,0.2879,0.42,0.4478,1,29,30
2011-02-01,1,20,False,0,1,0.3,0.21195783619817998,0.39,0.3582,5,17,22
2011-02-01,1,21,False,0,1,0.26,0.2273,0.44,0.3284,11,20,31
2011-02-01,1,22,False,0,1,0.24,0.2121,0.44,0.2985,0,9,9
2011-02-01,1,23,False,0,1,0.22,0.2273,0.47,0.1642,0,8,8
2011-03-01,1,0,False,1,1,0.22,0.197,0.44,0.3582,0,5,5
2011-03-01,1,1,False,1,1,0.2,0.21195783619817998,0.44,0.4179,0,2,2
2011-03-01,1,4,False,1,1,0.16,0.1364,0.47,0.3881,0,1,1
2011-03-01,1,5,False,1,1,0.16,0.1364,0.47,0.2836,0,3,3
2011-03-01,1,6,False,1,1,0.14,0.1061,0.5,0.3881,0,30,30
2011-03-01,1,7,False,1,1,0.14,0.1364,0.5,0.194,1,63,64
2011-03-01,1,8,False,1,1,0.14,0.1212,0.5,0.2836,1,153,154
2011-03-01,1,9,False,1,1,0.16,0.1364,0.43,0.3881,7,81,88
2011-03-01,1,10,False,1,1,0.18,0.1667,0.43,0.2537,11,33,44
2011-03-01,1,11,False,1,1,0.2,0.1818,0.4,0.3284,10,41,51
2011-03-01,1,12,False,1,1,0.22,0.2121,0.35,0.2985,13,48,61
2011-03-01,1,13,False,1,1,0.24,0.21195783619817998,0.35,0.2836,8,53,61
2011-03-01,1,14,False,1,1,0.26,0.2424,0.3,0.2836,11,66,77
2011-03-01,1,15,False,1,1,0.26,0.2424,0.3,0.2537,14,58,72
2011-03-01,1,16,False,1,1,0.26,0.2424,0.3,0.2537,9,67,76
2011-03-01,1,17,False,1,1,0.24,0.2273,0.3,0.2239,11,146,157
2011-03-01,1,18,False,1,1,0.24,0.2576,0.32,0.1045,9,148,157
2011-03-01,1,19,False,1,1,0.2,0.2576,0.47,0.0,8,102,110
2011-03-01,1,20,False,1,1,0.2,0.21195783619817998,0.47,0.1045,3,49,52
2011-03-01,1,21,False,1,1,0.18,0.197,0.64,0.1343,3,49,52
2011-03-01,1,22,False,1,1,0.14,0.1515,0.69,0.1343,0,20,20
2011-03-01,1,23,False,1,1,0.18,0.2121,0.55,0.1045,1,11,12
2011-04-01,1,0,False,2,1,0.16,0.21195783619817998,0.55,0.1045,0,5,5
2011-04-01,1,1,False,2,1,0.16,0.1818,0.59,0.1045,0,2,2
2011-04-01,1,2,False,2,1,0.14,0.1515,0.63,0.1343,0,1,1
2011-04-01,1,4,False,2,1,0.14,0.1818,0.63,0.0896,0,2,2
2011-04-01,1,5,False,2,1,0.12,0.1515,0.68,0.1045,0,4,4
2011-04-01,1,6,False,2,1,0.12,0.1515,0.74,0.1045,0,36,36
2011-04-01,1,7,False,2,1,0.12,0.1515,0.74,0.1343,2,92,94
2011-04-01,1,8,False,2,1,0.14,0.1515,0.69,0.1642,2,177,179
2011-04-01,1,9,False,2,1,0.16,0.1515,0.64,0.2239,2,98,100
2011-04-01,1,10,False,2,2,0.16,0.1364,0.69,0.3284,5,37,42
2011-04-01,1,11,False,2,1,0.22,0.2121,0.51,0.2985,7,50,57
2011-04-01,1,12,False,2,1,0.22,0.2273,0.51,0.1642,12,66,78
2011-04-01,1,13,False,2,1,0.24,0.2273,0.56,0.194,18,79,97
2011-04-01,1,14,False,2,1,0.26,0.2576,0.52,0.2239,9,54,63
2011-04-01,1,15,False,2,1,0.28,0.2727,0.52,0.2537,17,48,65
2011-04-01,1,16,False,2,1,0.3,0.2879,0.49,0.2537,15,68,83
2011-04-01,1,17,False,2,1,0.28,0.2727,0.48,0.2239,10,202,212
2011-04-01,1,18,False,2,1,0.26,0.2576,0.48,0.194,3,179,182
2011-04-01,1,19,False,2,1,0.24,0.2576,0.48,0.1045,2,110,112
2011-04-01,1,20,False,2,1,0.24,0.2576,0.48,0.1045,1,53,54
2011-04-01,1,21,False,2,1,0.22,0.2727,0.64,0.0,0,48,48
2011-04-01,1,22,False,2,1,0.22,0.2576,0.64,0.0896,1,34,35
2011-04-01,1,23,False,2,1,0.2,0.2273,0.69,0.0896,2,9,11
2011-05-01,1,0,False,3,1,0.2,0.2576,0.64,0.0,0,6,6
2011-05-01,1,1,False,3,1,0.16,0.197,0.74,0.0896,0,6,6
2011-05-01,1,2,False,3,1,0.16,0.197,0.74,0.0896,0,2,2
2011-05-01,1,4,False,3,1,0.24,0.2273,0.48,0.2239,0,2,2
2011-05-01,1,5,False,3,1,0.22,0.2273,0.47,0.1642,0,3,3
2011-05-01,1,6,False,3,1,0.2,0.197,0.47,0.2239,0,33,33
2011-05-01,1,7,False,3,1,0.18,0.1818,0.43,0.194,1,87,88
2011-05-01,1,8,False,3,1,0.2,0.1818,0.4,0.2985,3,192,195
2011-05-01,1,9,False,3,1,0.22,0.197,0.37,0.3284,6,109,115
2011-05-01,1,10,False,3,1,0.22,0.197,0.37,0.3284,4,53,57
2011-05-01,1,11,False,3,1,0.26,0.2273,0.33,0.3284,12,34,46
2011-05-01,1,12,False,3,1,0.26,0.2273,0.33,0.3284,5,74,79
2011-05-01,1,13,False,3,1,0.28,0.2576,0.3,0.2985,6,65,71
2011-05-01,1,14,False,3,1,0.3,0.2879,0.28,0.194,10,52,62
2011-05-01,1,15,False,3,1,0.3,0.2879,0.28,0.194,7,55,62
2011-05-01,1,16,False,3,1,0.3,0.3182,0.28,0.0896,4,85,89
2011-05-01,1,17,False,3,1,0.24,0.2273,0.38,0.194,4,186,190
2011-05-01,1,18,False,3,1,0.24,0.2424,0.38,0.1343,3,166,169
2011-05-01,1,19,False,3,1,0.24,0.2576,0.38,0.1045,5,127,132
2011-05-01,1,20,False,3,1,0.22,0.2273,0.47,0.1642,7,82,89
2011-05-01,1,21,False,3,1,0.2,0.197,0.51,0.194,3,40,43
2011-05-01,1,22,False,3,1,0.18,0.197,0.55,0.1343,1,41,42
2011-05-01,1,23,False,3,1,0.2,0.2576,0.47,0.0,1,18,19
2011-06-01,1,0,False,4,1,0.18,0.2424,0.55,0.0,0,11,11
2011-06-01,1,1,False,4,1,0.16,0.2273,0.64,0.0,0,4,4
2011-06-01,1,2,False,4,1,0.16,0.2273,0.64,0.0,0,2,2
2011-06-01,1,4,False,4,2,0.16,0.197,0.64,0.0896,0,1,1
2011-06-01,1,5,False,4,2,0.14,0.1818,0.69,0.0896,0,4,4
2011-06-01,1,6,False,4,2,0.14,0.1667,0.63,0.1045,0,36,36
2011-06-01,1,7,False,4,2,0.16,0.2273,0.59,0.0,0,95,95
2011-06-01,1,8,False,4,1,0.16,0.2273,0.59,0.0,3,216,219
2011-06-01,1,9,False,4,2,0.18,0.2424,0.51,0.0,6,116,122
2011-06-01,1,10,False,4,1,0.2,0.2576,0.47,0.0,3,42,45
2011-06-01,1,11,False,4,1,0.22,0.2576,0.44,0.0896,2,57,59
2011-06-01,1,12,False,4,1,0.26,0.2879,0.35,0.0,6,78,84
2011-06-01,1,13,False,4,1,0.26,0.2727,0.35,0.1045,12,55,67
2011-06-01,1,14,False,4,1,0.28,0.2727,0.36,0.1642,11,59,70
2011-06-01,1,15,False,4,1,0.28,0.2727,0.36,0.0,8,54,62
2011-06-01,1,16,False,4,1,0.26,0.2576,0.38,0.1642,12,74,86
2011-06-01,1,17,False,4,1,0.22,0.2273,0.51,0.1642,9,163,172
2011-06-01,1,18,False,4,1,0.22,0.2273,0.51,0.1343,5,158,163
2011-06-01,1,19,False,4,1,0.22,0.2576,0.55,0.0896,3,109,112
2011-06-01,1,20,False,4,1,0.2,0.2121,0.51,0.1642,3,66,69
2011-06-01,1,21,False,4,2,0.22,0.2121,0.55,0.2239,0,48,48
2011-06-01,1,22,False,4,2,0.22,0.2121,0.51,0.2836,1,51,52
2011-06-01,1,23,False,4,2,0.2,0.197,0.59,0.194,4,19,23
2011-07-01,1,0,False,5,2,0.2,0.197,0.64,0.194,4,13,17
2011-07-01,1,1,False,5,2,0.2,0.197,0.69,0.2239,2,5,7
2011-07-01,1,2,False,5,2,0.2,0.197,0.69,0.2239,0,1,1
2011-07-01,1,4,False,5,2,0.2,0.2121,0.69,0.1343,0,1,1
2011-07-01,1,5,False,5,3,0.22,0.2727,0.55,0.0,0,5,5
2011-07-01,1,6,False,5,2,0.2,0.2576,0.69,0.0,8,26,34
2011-07-01,1,7,False,5,1,0.2,0.2121,0.69,0.1343,8,76,84
2011-07-01,1,8,False,5,1,0.2,0.197,0.51,0.2537,20,190,210
2011-07-01,1,9,False,5,1,0.2,0.1818,0.47,0.2985,9,125,134
2011-07-01,1,10,False,5,1,0.22,0.197,0.37,0.3284,16,47,63
2011-07-01,1,11,False,5,2,0.2,0.197,0.4,0.2239,19,48,67
2011-07-01,1,12,False,5,2,0.2,0.197,0.37,0.2537,9,50,59
2011-07-01,1,13,False,5,2,0.2,0.1818,0.37,0.2836,9,64,73
2011-07-01,1,14,False,5,2,0.2,0.197,0.4,0.2537,7,43,50
2011-07-01,1,15,False,5,2,0.2,0.2121,0.37,0.1642,9,63,72
2011-07-01,1,16,False,5,2,0.2,0.2121,0.37,0.1642,5,82,87
2011-07-01,1,17,False,5,2,0.2,0.2576,0.37,0.0,9,178,187
2011-07-01,1,18,False,5,1,0.2,0.2273,0.4,0.0896,7,116,123
2011-07-01,1,19,False,5,1,0.16,0.197,0.55,0.0896,3,92,95
2011-07-01,1,20,False,5,1,0.18,0.2121,0.47,0.1045,1,50,51
2011-07-01,1,21,False,5,1,0.18,0.197,0.47,0.1343,0,39,39
2011-07-01,1,22,False,5,2,0.18,0.197,0.43,0.1642,2,34,36
2011-07-01,1,23,False,5,2,0.18,0.197,0.51,0.1642,1,14,15
2011-08-01,1,0,False,6,2,0.18,0.197,0.51,0.1642,1,24,25
2011-08-01,1,1,False,6,2,0.18,0.2121,0.55,0.0896,1,15,16
2011-08-01,1,2,False,6,2,0.18,0.2424,0.55,0.0,3,13,16
2011-08-01,1,3,False,6,3,0.18,0.197,0.55,0.1642,0,7,7
2011-08-01,1,4,False,6,3,0.18,0.197,0.55,0.1642,0,1,1
2011-08-01,1,5,False,6,2,0.16,0.1667,0.74,0.1642,0,5,5
2011-08-01,1,6,False,6,2,0.16,0.1667,0.74,0.1642,0,2,2
2011-08-01,1,7,False,6,2,0.16,0.1818,0.74,0.1045,1,8,9
2011-08-01,1,8,False,6,3,0.16,0.1818,0.93,0.1045,0,15,15
2011-08-01,1,9,False,6,3,0.16,0.1818,0.93,0.1045,0,20,20
2011-08-01,1,10,False,6,2,0.18,0.197,0.8,0.1642,5,56,61
2011-08-01,1,11,False,6,2,0.2,0.1818,0.69,0.3881,2,60,62
2011-08-01,1,12,False,6,2,0.2,0.1818,0.59,0.3582,8,90,98
2011-08-01,1,13,False,6,1,0.2,0.1818,0.44,0.3284,7,95,102
2011-08-01,1,14,False,6,1,0.2,0.1667,0.32,0.4925,12,83,95
2011-08-01,1,15,False,6,1,0.2,0.1667,0.32,0.4478,5,69,74
2011-08-01,1,16,False,6,1,0.18,0.1364,0.29,0.4478,8,68,76
2011-08-01,1,17,False,6,1,0.16,0.1212,0.37,0.5522,5,64,69
2011-08-01,1,18,False,6,1,0.14,0.1212,0.39,0.2985,3,52,55
2011-08-01,1,19,False,6,1,0.14,0.1212,0.36,0.2537,4,26,30
2011-08-01,1,20,False,6,1,0.12,0.1212,0.36,0.2537,0,28,28
2011-08-01,1,21,False,6,1,0.12,0.1061,0.39,0.3582,2,35,37
2011-08-01,1,22,False,6,1,0.12,0.1061,0.36,0.3881,1,33,34
2011-08-01,1,23,False,6,1,0.1,0.0606,0.39,0.4478,0,22,22
2011-09-01,1,0,False,0,1,0.1,0.0758,0.42,0.3881,1,24,25
2011-09-01,1,1,False,0,1,0.1,0.0606,0.42,0.4627,0,12,12
2011-09-01,1,2,False,0,1,0.1,0.0606,0.46,0.4627,0,11,11
2011-09-01,1,3,False,0,1,0.1,0.0758,0.46,0.4179,0,4,4
2011-09-01,1,4,False,0,1,0.08,0.0909,0.53,0.194,0,1,1
2011-09-01,1,5,False,0,1,0.08,0.0909,0.53,0.194,0,1,1
2011-09-01,1,6,False,0,1,0.1,0.0909,0.49,0.2836,0,1,1
2011-09-01,1,7,False,0,1,0.08,0.0909,0.53,0.194,1,5,6
2011-09-01,1,8,False,0,1,0.1,0.0909,0.49,0.2836,0,10,10
2011-09-01,1,9,False,0,1,0.12,0.0758,0.46,0.5224,0,19,19
2011-09-01,1,10,False,0,1,0.14,0.1061,0.43,0.3881,0,49,49
2011-09-01,1,11,False,0,1,0.16,0.1212,0.4,0.5224,2,47,49
2011-09-01,1,12,False,0,1,0.18,0.1364,0.37,0.4478,4,79,83
2011-09-01,1,13,False,0,1,0.2,0.1667,0.34,0.4478,6,69,75
2011-09-01,1,14,False,0,1,0.22,0.1818,0.32,0.4627,8,64,72
2011-09-01,1,15,False,0,1,0.22,0.197,0.35,0.3582,5,77,82
2011-09-01,1,16,False,0,1,0.2,0.1667,0.34,0.4478,13,79,92
2011-09-01,1,17,False,0,1,0.18,0.1515,0.37,0.3881,3,59,62
2011-09-01,1,18,False,0,1,0.16,0.1364,0.4,0.3284,4,44,48
2011-09-01,1,19,False,0,1,0.16,0.1364,0.43,0.3284,1,40,41
2011-09-01,1,20,False,0,1,0.14,0.1212,0.46,0.2537,0,38,38
2011-09-01,1,21,False,0,1,0.14,0.1061,0.46,0.4179,1,19,20
2011-09-01,1,22,False,0,1,0.14,0.1212,0.46,0.2985,5,10,15
2011-09-01,1,23,False,0,1,0.12,0.1364,0.5,0.194,0,6,6
2011-10-01,1,0,False,1,1,0.12,0.1212,0.5,0.2836,2,3,5
2011-10-01,1,1,False,1,1,0.12,0.1212,0.5,0.2836,1,0,1
2011-10-01,1,2,False,1,1,0.12,0.1212,0.5,0.2239,0,3,3
2011-10-01,1,3,False,1,1,0.12,0.1212,0.5,0.2239,0,1,1
2011-10-01,1,4,False,1,1,0.1,0.1212,0.54,0.1343,1,2,3
2011-10-01,1,5,False,1,1,0.1,0.1061,0.54,0.2537,0,3,3
2011-10-01,1,6,False,1,1,0.12,0.1212,0.5,0.2836,0,31,31
2011-10-01,1,7,False,1,1,0.12,0.1212,0.5,0.2239,2,75,77
2011-10-01,1,8,False,1,2,0.12,0.1212,0.5,0.2836,4,184,188
2011-10-01,1,9,False,1,2,0.14,0.1212,0.5,0.2537,2,92,94
2011-10-01,1,10,False,1,2,0.14,0.1212,0.5,0.2985,0,31,31
2011-10-01,1,11,False,1,2,0.16,0.1364,0.47,0.2836,2,28,30
2011-10-01,1,12,False,1,2,0.2,0.1818,0.4,0.2836,5,47,52
2011-10-01,1,13,False,1,2,0.2,0.1818,0.4,0.2836,4,50,54
2011-10-01,1,14,False,1,2,0.2,0.197,0.4,0.2239,0,47,47
2011-10-01,1,15,False,1,2,0.2,0.197,0.4,0.2239,2,43,45
2011-10-01,1,16,False,1,1,0.2,0.2121,0.4,0.1343,4,70,74
2011-10-01,1,17,False,1,1,0.2,0.2273,0.4,0.1045,4,174,178
2011-10-01,1,18,False,1,1,0.2,0.197,0.4,0.2239,1,154,155
2011-10-01,1,19,False,1,1,0.16,0.1667,0.47,0.1642,3,92,95
2011-10-01,1,20,False,1,1,0.16,0.1667,0.5,0.1642,1,73,74
2011-10-01,1,21,False,1,1,0.14,0.1364,0.59,0.194,1,37,38
2011-10-01,1,22,False,1,1,0.14,0.1515,0.59,0.1642,2,22,24
2011-10-01,1,23,False,1,1,0.14,0.1515,0.59,0.1642,0,18,18
2011-11-01,1,0,False,2,1,0.14,0.1667,0.59,0.1045,2,10,12
2011-11-01,1,1,False,2,1,0.14,0.1515,0.59,0.1642,0,3,3
2011-11-01,1,2,False,2,2,0.16,0.1515,0.55,0.194,0,3,3
2011-11-01,1,5,False,2,2,0.16,0.1818,0.55,0.1343,0,6,6
2011-11-01,1,6,False,2,2,0.16,0.1818,0.55,0.1343,0,27,27
2011-11-01,1,7,False,2,2,0.16,0.2273,0.55,0.0,2,97,99
2011-11-01,1,8,False,2,2,0.18,0.2121,0.51,0.0896,3,214,217
2011-11-01,1,9,False,2,2,0.18,0.197,0.51,0.1642,3,127,130
2011-11-01,1,10,False,2,2,0.2,0.2121,0.51,0.1642,3,51,54
2011-11-01,1,11,False,2,2,0.2,0.2121,0.47,0.1343,4,31,35
2011-11-01,1,12,False,2,2,0.2,0.2273,0.51,0.1045,2,55,57
2011-11-01,1,13,False,2,2,0.2,0.2273,0.59,0.0896,6,46,52
2011-11-01,1,14,False,2,2,0.2,0.2273,0.59,0.0896,3,60,63
2011-11-01,1,15,False,2,2,0.16,0.197,0.8,0.0896,2,45,47
2011-11-01,1,16,False,2,2,0.16,0.1515,0.86,0.2239,4,72,76
2011-11-01,1,17,False,2,2,0.16,0.1515,0.86,0.2239,6,130,136
2011-11-01,1,18,False,2,3,0.16,0.1818,0.93,0.1045,1,94,95
2011-11-01,1,19,False,2,3,0.16,0.2273,0.93,0.0,0,51,51
2011-11-01,1,20,False,2,3,0.16,0.1515,0.93,0.194,0,32,32
2011-11-01,1,21,False,2,3,0.16,0.197,0.86,0.0896,0,20,20
2011-11-01,1,22,False,2,3,0.16,0.1818,0.93,0.1045,1,28,29
2011-11-01,1,23,False,2,3,0.16,0.197,0.93,0.0896,1,18,19
2011-12-01,1,0,False,3,2,0.16,0.197,0.86,0.0896,0,7,7
2011-12-01,1,1,False,3,2,0.16,0.1818,0.86,0.1045,0,6,6
2011-12-01,1,2,False,3,1,0.14,0.1515,0.86,0.1343,0,1,1
2011-12-01,1,5,False,3,1,0.14,0.1515,0.86,0.1642,0,5,5
2011-12-01,1,6,False,3,1,0.12,0.1515,0.93,0.1343,0,16,16
2011-12-01,1,7,False,3,1,0.14,0.1515,0.69,0.1343,0,54,54
2011-12-01,1,8,False,3,1,0.16,0.1667,0.59,0.1642,3,125,128
2011-12-01,1,9,False,3,1,0.16,0.1364,0.59,0.3284,3,78,81
2011-12-01,1,10,False,3,1,0.18,0.1818,0.55,0.2239,0,39,39
2011-12-01,1,11,False,3,1,0.2,0.1818,0.51,0.3881,3,32,35
2011-12-01,1,12,False,3,1,0.2,0.1515,0.47,0.5821,3,52,55
2011-12-01,1,13,False,3,1,0.22,0.197,0.44,0.3582,0,49,49
2011-12-01,1,14,False,3,1,0.2,0.1818,0.47,0.3284,0,44,44
2011-12-01,1,15,False,3,1,0.2,0.1667,0.47,0.4179,1,48,49
2011-12-01,1,16,False,3,1,0.22,0.197,0.44,0.3284,5,63,68
2011-12-01,1,17,False,3,1,0.2,0.1818,0.47,0.3582,0,139,139
2011-12-01,1,18,False,3,1,0.2,0.1515,0.47,0.5224,2,135,137
2011-12-01,1,19,False,3,1,0.18,0.1515,0.47,0.4179,1,82,83
2011-12-01,1,20,False,3,1,0.16,0.1364,0.5,0.3284,2,54,56
2011-12-01,1,21,False,3,1,0.16,0.1364,0.55,0.3284,0,57,57
2011-12-01,1,22,False,3,1,0.16,0.1212,0.55,0.4478,1,32,33
2011-12-01,1,23,False,3,1,0.14,0.1061,0.59,0.4179,1,19,20
2011-01-13,1,0,False,4,1,0.14,0.1212,0.59,0.2836,1,6,7
2011-01-13,1,1,False,4,1,0.14,0.1212,0.5,0.2836,0,2,2
2011-01-13,1,2,False,4,1,0.14,0.1212,0.5,0.3582,0,2,2
2011-01-13,1,3,False,4,1,0.14,0.1212,0.5,0.3284,0,3,3
2011-01-13,1,4,False,4,1,0.14,0.1212,0.5,0.2537,0,4,4
2011-01-13,1,5,False,4,1,0.14,0.1212,0.5,0.2985,0,3,3
2011-01-13,1,6,False,4,1,0.12,0.1515,0.54,0.1343,0,28,28
2011-01-13,1,7,False,4,1,0.12,0.1515,0.54,0.1343,0,72,72
2011-01-13,1,8,False,4,1,0.14,0.1364,0.5,0.194,5,197,202
2011-01-13,1,9,False,4,1,0.14,0.1212,0.5,0.3284,2,137,139
2011-01-13,1,10,False,4,2,0.16,0.1364,0.5,0.3582,2,36,38
2011-01-13,1,11,False,4,2,0.2,0.1667,0.44,0.4478,4,33,37
2011-01-13,1,12,False,4,1,0.2,0.1667,0.44,0.4179,3,49,52
2011-01-13,1,13,False,4,1,0.22,0.197,0.41,0.4478,2,81,83
2011-01-13,1,14,False,4,1,0.22,0.197,0.41,0.3881,3,39,42
2011-01-13,1,15,False,4,1,0.24,0.2121,0.38,0.2985,5,55,60
2011-01-13,1,16,False,4,1,0.24,0.2121,0.38,0.3582,2,76,78
2011-01-13,1,17,False,4,1,0.2,0.1818,0.4,0.2836,4,158,162
2011-01-13,1,18,False,4,1,0.2,0.1818,0.4,0.3284,3,141,144
2011-01-13,1,19,False,4,1,0.16,0.1515,0.47,0.2537,1,98,99
2011-01-13,1,20,False,4,1,0.16,0.1515,0.47,0.2239,0,64,64
2011-01-13,1,21,False,4,1,0.14,0.1212,0.46,0.2985,0,40,40
2011-01-13,1,22,False,4,1,0.14,0.1212,0.46,0.3284,0,30,30
2011-01-13,1,23,False,4,1,0.12,0.1364,0.5,0.194,1,14,15
2011-01-14,1,0,False,5,1,0.12,0.1364,0.5,0.194,0,14,14
2011-01-14,1,1,False,5,1,0.1,0.1212,0.54,0.1642,0,5,5
2011-01-14,1,2,False,5,1,0.1,0.1212,0.54,0.1343,0,1,1
2011-01-14,1,3,False,5,1,0.1,0.1364,0.54,0.1045,0,1,1
2011-01-14,1,5,False,5,1,0.1,0.1364,0.54,0.0896,0,8,8
2011-01-14,1,6,False,5,1,0.1,0.1818,0.54,0.0,0,17,17
2011-01-14,1,7,False,5,1,0.1,0.1212,0.74,0.1642,0,70,70
2011-01-14,1,8,False,5,1,0.12,0.1667,0.68,0.0,2,156,158
2011-01-14,1,9,False,5,1,0.14,0.1515,0.69,0.1343,0,117,117
2011-01-14,1,10,False,5,1,0.18,0.1818,0.55,0.194,4,40,44
2011-01-14,1,11,False,5,1,0.18,0.1667,0.51,0.2836,6,47,53
2011-01-14,1,12,False,5,1,0.2,0.197,0.44,0.2537,2,59,61
2011-01-14,1,13,False,5,1,0.22,0.197,0.37,0.3881,4,73,77
2011-01-14,1,14,False,5,1,0.22,0.2121,0.41,0.2836,5,59,64
2011-01-14,1,15,False,5,1,0.24,0.2424,0.38,0.1642,9,59,68
2011-01-14,1,16,False,5,1,0.22,0.2424,0.41,0.1045,3,87,90
2011-01-14,1,17,False,5,1,0.22,0.2273,0.41,0.1642,4,155,159
2011-01-14,1,18,False,5,1,0.2,0.2576,0.47,0.0,5,134,139
2011-01-14,1,19,False,5,1,0.16,0.197,0.59,0.0896,3,89,92
2011-01-14,1,20,False,5,1,0.18,0.2424,0.59,0.0,0,68,68
2011-01-14,1,21,False,5,1,0.16,0.2273,0.69,0.0,4,48,52
2011-01-14,1,22,False,5,2,0.16,0.2273,0.69,0.0,2,34,36
2011-01-14,1,23,False,5,2,0.18,0.2424,0.55,0.0,1,26,27
2011-01-15,1,0,False,6,1,0.18,0.2424,0.55,0.0,3,25,28
2011-01-15,1,1,False,6,2,0.16,0.197,0.59,0.0896,2,18,20
2011-01-15,1,2,False,6,2,0.16,0.197,0.59,0.0896,0,12,12
2011-01-15,1,3,False,6,2,0.16,0.2273,0.59,0.0,1,7,8
2011-01-15,1,4,False,6,2,0.16,0.2273,0.59,0.0,0,5,5
2011-01-15,1,5,False,6,1,0.16,0.2273,0.59,0.0,0,1,1
2011-01-15,1,6,False,6,1,0.14,0.1667,0.63,0.1045,1,2,3
2011-01-15,1,7,False,6,1,0.14,0.2121,0.63,0.0,1,9,10
2011-01-15,1,8,False,6,1,0.14,0.1515,0.63,0.1343,1,22,23
2011-01-15,1,9,False,6,1,0.16,0.1818,0.64,0.1343,2,31,33
2011-01-15,1,10,False,6,1,0.18,0.197,0.59,0.1642,2,57,59
2011-01-15,1,11,False,6,1,0.2,0.197,0.55,0.2239,18,54,72
2011-01-15,1,12,False,6,1,0.24,0.2273,0.48,0.2239,15,74,89
2011-01-15,1,13,False,6,1,0.28,0.2576,0.38,0.2985,21,80,101
2011-01-15,1,14,False,6,1,0.3,0.2879,0.39,0.2836,26,92,118
2011-01-15,1,15,False,6,2,0.32,0.3182,0.36,0.194,21,108,129
2011-01-15,1,16,False,6,2,0.34,0.3333,0.34,0.194,33,95,128
2011-01-15,1,17,False,6,2,0.32,0.303,0.36,0.2836,29,54,83
2011-01-15,1,18,False,6,2,0.3,0.2879,0.45,0.2537,15,69,84
2011-01-15,1,19,False,6,2,0.32,0.303,0.39,0.2537,14,60,74
2011-01-15,1,20,False,6,2,0.32,0.303,0.39,0.2537,6,35,41
2011-01-15,1,21,False,6,2,0.32,0.303,0.39,0.2239,6,51,57
2011-01-15,1,22,False,6,2,0.3,0.3182,0.42,0.1045,0,26,26
2011-01-15,1,23,False,6,1,0.3,0.2879,0.45,0.2836,5,39,44
2011-01-16,1,0,False,0,1,0.26,0.303,0.56,0.0,6,33,39
2011-01-16,1,1,False,0,1,0.26,0.2727,0.56,0.1343,4,19,23
2011-01-16,1,2,False,0,1,0.26,0.2879,0.56,0.0896,3,13,16
2011-01-16,1,3,False,0,1,0.22,0.2727,0.69,0.0,9,6,15
2011-01-16,1,4,False,0,1,0.26,0.2576,0.56,0.1642,0,1,1
2011-01-16,1,5,False,0,2,0.26,0.2576,0.56,0.1642,1,1,2
2011-01-16,1,6,False,0,2,0.26,0.2576,0.56,0.1642,0,1,1
2011-01-16,1,7,False,0,2,0.24,0.2121,0.56,0.2985,0,3,3
2011-01-16,1,8,False,0,1,0.22,0.2121,0.55,0.2836,0,18,18
2011-01-16,1,9,False,0,1,0.22,0.2121,0.51,0.2537,3,29,32
2011-01-16,1,10,False,0,1,0.22,0.2121,0.51,0.2836,8,71,79
2011-01-16,1,11,False,0,1,0.24,0.2273,0.44,0.2537,23,70,93
2011-01-16,1,12,False,0,1,0.24,0.2121,0.41,0.2836,29,75,104
2011-01-16,1,13,False,0,1,0.26,0.2273,0.35,0.2985,23,95,118
2011-01-16,1,14,False,0,1,0.28,0.2727,0.36,0.2537,22,69,91
2011-01-16,1,15,False,0,1,0.26,0.2424,0.38,0.2537,35,78,113
2011-01-16,1,16,False,0,1,0.24,0.2273,0.38,0.2239,22,77,99
2011-01-16,1,17,False,0,1,0.22,0.2121,0.37,0.2537,23,82,105
2011-01-16,1,18,False,0,1,0.2,0.2121,0.4,0.1642,11,56,67
2011-01-16,1,19,False,0,1,0.18,0.197,0.47,0.1343,14,47,61
2011-01-16,1,20,False,0,1,0.18,0.197,0.47,0.1642,7,50,57
2011-01-16,1,21,False,0,1,0.18,0.197,0.51,0.1642,6,22,28
2011-01-16,1,22,False,0,2,0.2,0.2121,0.49,0.1343,2,19,21
2011-01-16,1,23,False,0,2,0.2,0.2273,0.4,0.1045,0,18,18
2011-01-17,1,0,True,1,2,0.2,0.197,0.47,0.2239,1,16,17
2011-01-17,1,1,True,1,2,0.2,0.197,0.44,0.194,1,15,16
2011-01-17,1,2,True,1,2,0.18,0.1667,0.43,0.2537,0,8,8
2011-01-17,1,3,True,1,2,0.18,0.1818,0.43,0.194,0,2,2
2011-01-17,1,4,True,1,2,0.18,0.197,0.43,0.1343,1,2,3
2011-01-17,1,5,True,1,2,0.18,0.197,0.43,0.1642,0,1,1
2011-01-17,1,6,True,1,2,0.18,0.1818,0.43,0.194,0,5,5
2011-01-17,1,7,True,1,2,0.16,0.1818,0.5,0.1343,4,9,13
2011-01-17,1,8,True,1,2,0.16,0.1515,0.47,0.2239,3,30,33
2011-01-17,1,9,True,1,2,0.16,0.1515,0.47,0.2239,8,39,47
2011-01-17,1,10,True,1,2,0.16,0.1515,0.5,0.2537,7,50,57
2011-01-17,1,11,True,1,2,0.16,0.1515,0.55,0.194,9,55,64
2011-01-17,1,12,True,1,2,0.18,0.197,0.47,0.1343,10,70,80
2011-01-17,1,13,True,1,2,0.18,0.197,0.47,0.1343,13,80,93
2011-01-17,1,14,True,1,2,0.18,0.2121,0.43,0.1045,12,74,86
2011-01-17,1,15,True,1,2,0.2,0.2121,0.47,0.1642,21,72,93
2011-01-17,1,16,True,1,2,0.2,0.2121,0.47,0.1642,6,76,82
2011-01-17,1,17,True,1,1,0.2,0.197,0.51,0.194,4,67,71
2011-01-17,1,18,True,1,2,0.18,0.1667,0.55,0.2537,7,85,92
2011-01-17,1,19,True,1,3,0.18,0.1818,0.59,0.194,2,58,60
2011-01-17,1,20,True,1,3,0.16,0.1515,0.8,0.194,4,29,33
2011-01-17,1,21,True,1,3,0.16,0.1515,0.8,0.194,3,24,27
2011-01-17,1,22,True,1,3,0.14,0.1212,0.93,0.2537,0,13,13
2011-01-17,1,23,True,1,3,0.16,0.1364,0.86,0.2836,1,3,4
2011-01-18,1,12,False,2,2,0.2,0.1818,0.86,0.3284,0,3,3
2011-01-18,1,13,False,2,2,0.2,0.197,0.86,0.2239,0,22,22
2011-01-18,1,14,False,2,2,0.22,0.2273,0.8,0.1642,2,26,28
2011-01-18,1,15,False,2,2,0.22,0.2273,0.87,0.1642,3,32,35
2011-01-18,1,16,False,2,2,0.22,0.2273,0.87,0.194,0,61,61
2011-01-18,1,17,False,2,2,0.22,0.2273,0.82,0.194,1,124,125
2011-01-18,1,18,False,2,2,0.22,0.2273,0.8,0.1642,1,132,133
2011-01-18,1,19,False,2,2,0.22,0.2273,0.8,0.1343,1,98,99
2011-01-18,1,20,False,2,2,0.22,0.2727,0.87,0.0,0,83,83
2011-01-18,1,21,False,2,2,0.22,0.2424,0.93,0.1045,0,41,41
2011-01-18,1,22,False,2,2,0.22,0.2576,0.93,0.0896,0,33,33
2011-01-18,1,23,False,2,2,0.22,0.2727,0.93,0.0,1,19,20
2011-01-19,1,0,False,3,2,0.22,0.2727,0.93,0.0,0,3,3
2011-01-19,1,1,False,3,3,0.22,0.2273,0.93,0.1343,1,6,7
2011-01-19,1,2,False,3,3,0.22,0.2273,0.93,0.1343,0,3,3
2011-01-19,1,4,False,3,3,0.22,0.2273,0.93,0.1343,1,1,2
2011-01-19,1,5,False,3,2,0.22,0.2576,0.93,0.0896,0,7,7
2011-01-19,1,6,False,3,2,0.22,0.2576,0.93,0.0896,0,32,32
2011-01-19,1,7,False,3,2,0.24,0.2576,0.92,0.1045,1,89,90
2011-01-19,1,8,False,3,2,0.24,0.2576,0.93,0.1045,1,196,197
2011-01-19,1,9,False,3,2,0.24,0.2576,0.93,0.1045,2,107,109
2011-01-19,1,10,False,3,2,0.26,0.2727,0.93,0.1343,1,46,47
2011-01-19,1,11,False,3,2,0.28,0.303,0.87,0.0896,5,47,52
2011-01-19,1,12,False,3,2,0.3,0.3182,0.81,0.0896,5,65,70
2011-01-19,1,13,False,3,1,0.4,0.4091,0.62,0.2836,11,67,78
2011-01-19,1,14,False,3,1,0.4,0.4091,0.58,0.2537,7,68,75
2011-01-19,1,15,False,3,1,0.4,0.4091,0.54,0.2836,4,78,82
2011-01-19,1,16,False,3,1,0.38,0.3939,0.58,0.3881,10,94,104
2011-01-19,1,17,False,3,1,0.36,0.3333,0.57,0.3284,7,190,197
2011-01-19,1,18,False,3,1,0.34,0.3182,0.61,0.2836,5,156,161
2011-01-19,1,19,False,3,1,0.32,0.2879,0.57,0.4179,4,108,112
2011-01-19,1,20,False,3,1,0.32,0.303,0.49,0.2985,2,74,76
2011-01-19,1,21,False,3,1,0.32,0.2879,0.49,0.4179,4,55,59
2011-01-19,1,22,False,3,1,0.3,0.303,0.52,0.1642,6,53,59
2011-01-19,1,23,False,3,1,0.3,0.2727,0.52,0.4627,1,27,28
2011-01-20,1,0,False,4,1,0.26,0.2273,0.56,0.3881,5,8,13
2011-01-20,1,1,False,4,1,0.26,0.2727,0.56,0.0,2,3,5
2011-01-20,1,2,False,4,1,0.26,0.2727,0.56,0.0,0,2,2
2011-01-20,1,3,False,4,1,0.26,0.2576,0.56,0.1642,0,1,1
2011-01-20,1,4,False,4,1,0.26,0.2576,0.56,0.1642,0,1,1
2011-01-20,1,5,False,4,1,0.24,0.2273,0.6,0.2239,0,6,6
2011-01-20,1,6,False,4,1,0.22,0.2121,0.6,0.2239,0,35,35
2011-01-20,1,7,False,4,1,0.22,0.2121,0.55,0.2239,1,100,101
2011-01-20,1,8,False,4,1,0.22,0.2121,0.55,0.2836,2,247,249
2011-01-20,1,9,False,4,2,0.24,0.2273,0.52,0.2239,3,140,143
2011-01-20,1,10,False,4,1,0.26,0.2273,0.48,0.2985,1,56,57
2011-01-20,1,11,False,4,2,0.28,0.2727,0.45,0.1642,5,63,68
2011-01-20,1,12,False,4,2,0.3,0.3333,0.42,0.0,7,77,84
2011-01-20,1,13,False,4,2,0.28,0.2879,0.45,0.1045,12,86,98
2011-01-20,1,14,False,4,2,0.3,0.303,0.45,0.1343,6,75,81
2011-01-20,1,15,False,4,2,0.32,0.3182,0.45,0.194,8,62,70
2011-01-20,1,16,False,4,2,0.3,0.303,0.49,0.1343,8,83,91
2011-01-20,1,17,False,4,2,0.3,0.3182,0.49,0.1045,8,207,215
2011-01-20,1,18,False,4,2,0.26,0.2576,0.56,0.194,1,184,185
2011-01-20,1,19,False,4,1,0.26,0.2273,0.56,0.3284,6,146,152
2011-01-20,1,20,False,4,2,0.26,0.2424,0.6,0.2836,2,124,126
2011-01-20,1,21,False,4,2,0.24,0.2273,0.6,0.2537,3,54,57
2011-01-20,1,22,False,4,2,0.24,0.2121,0.65,0.2836,0,56,56
2011-01-20,1,23,False,4,2,0.24,0.2121,0.65,0.3284,3,28,31
2011-01-21,1,0,False,5,2,0.24,0.2273,0.7,0.2537,1,20,21
2011-01-21,1,1,False,5,2,0.24,0.2273,0.7,0.2537,0,6,6
2011-01-21,1,2,False,5,3,0.24,0.2424,0.75,0.1642,0,2,2
2011-01-21,1,3,False,5,3,0.22,0.2121,0.8,0.2985,0,1,1
2011-01-21,1,4,False,5,2,0.22,0.2576,0.87,0.0896,0,1,1
2011-01-21,1,5,False,5,1,0.24,0.197,0.6,0.4179,1,4,5
2011-01-21,1,6,False,5,1,0.22,0.2121,0.55,0.2537,0,27,27
2011-01-21,1,7,False,5,1,0.2,0.1818,0.51,0.2836,2,66,68
2011-01-21,1,8,False,5,1,0.2,0.1818,0.47,0.3284,7,210,217
2011-01-21,1,9,False,5,1,0.2,0.1818,0.51,0.3582,7,159,166
2011-01-21,1,10,False,5,1,0.2,0.1667,0.47,0.4627,6,57,63
2011-01-21,1,11,False,5,1,0.22,0.1818,0.41,0.4627,6,53,59
2011-01-21,1,12,False,5,1,0.22,0.1818,0.27,0.5821,11,67,78
2011-01-21,1,13,False,5,1,0.2,0.1515,0.21,0.5821,8,65,73
2011-01-21,1,14,False,5,1,0.2,0.1515,0.25,0.5224,6,56,62
2011-01-21,1,15,False,5,1,0.16,0.1212,0.26,0.4478,4,61,65
2011-01-21,1,16,False,5,1,0.16,0.1364,0.26,0.3582,0,97,97
2011-01-21,1,17,False,5,1,0.14,0.1212,0.28,0.3582,10,151,161
2011-01-21,1,18,False,5,1,0.12,0.1212,0.3,0.2537,1,119,120
2011-01-21,1,19,False,5,1,0.12,0.1061,0.3,0.3284,3,93,96
2011-01-21,1,20,False,5,1,0.1,0.0758,0.33,0.4179,1,52,53
2011-01-21,1,21,False,5,1,0.08,0.0758,0.38,0.2836,0,41,41
2011-01-21,1,22,False,5,1,0.06,0.0303,0.41,0.3881,1,33,34
2011-01-21,1,23,False,5,1,0.06,0.0455,0.38,0.3284,0,27,27
2011-01-22,1,0,False,6,1,0.04,0.0303,0.45,0.2537,0,13,13
2011-01-22,1,1,False,6,2,0.04,0.0,0.41,0.3881,3,9,12
2011-01-22,1,2,False,6,2,0.04,0.0303,0.41,0.2537,0,11,11
2011-01-22,1,3,False,6,2,0.04,0.0303,0.41,0.2836,1,6,7
2011-01-22,1,4,False,6,2,0.02,0.0152,0.48,0.2985,0,3,3
2011-01-22,1,6,False,6,2,0.02,0.0303,0.44,0.2239,0,2,2
2011-01-22,1,7,False,6,1,0.02,0.0152,0.44,0.2836,0,8,8
2011-01-22,1,8,False,6,1,0.02,0.0,0.44,0.3284,1,26,27
2011-01-22,1,9,False,6,1,0.04,0.0303,0.41,0.2537,3,37,40
2011-01-22,1,10,False,6,2,0.04,0.0606,0.41,0.1642,3,50,53
2011-01-22,1,11,False,6,2,0.06,0.0758,0.38,0.1343,4,59,63
2011-01-22,1,12,False,6,2,0.06,0.1061,0.38,0.1045,10,60,70
2011-01-22,1,13,False,6,1,0.08,0.1667,0.35,0.0,12,72,84
2011-01-22,1,14,False,6,1,0.1,0.1364,0.33,0.1045,11,64,75
2011-01-22,1,15,False,6,1,0.12,0.1515,0.28,0.0,10,93,103
2011-01-22,1,16,False,6,1,0.12,0.1364,0.28,0.194,11,72,83
2011-01-22,1,17,False,6,1,0.12,0.197,0.28,0.0,8,59,67
2011-01-22,1,18,False,6,1,0.08,0.0909,0.35,0.194,0,54,54
2011-01-22,1,19,False,6,1,0.08,0.1061,0.35,0.1343,6,53,59
2011-01-22,1,20,False,6,1,0.06,0.0758,0.45,0.1642,1,44,45
2011-01-22,1,21,False,6,1,0.06,0.1061,0.41,0.0896,0,39,39
2011-01-22,1,22,False,6,1,0.06,0.1515,0.49,0.0,7,23,30
2011-01-22,1,23,False,6,1,0.04,0.0758,0.57,0.1045,2,31,33
2011-01-23,1,0,False,0,1,0.04,0.0758,0.57,0.1045,2,20,22
2011-01-23,1,1,False,0,1,0.04,0.0758,0.57,0.1045,1,12,13
2011-01-23,1,2,False,0,1,0.02,0.0606,0.62,0.1343,3,15,18
2011-01-23,1,3,False,0,1,0.02,0.0606,0.62,0.1343,1,4,5
2011-01-23,1,5,False,0,2,0.04,0.0758,0.57,0.1045,0,3,3
2011-01-23,1,6,False,0,2,0.04,0.0758,0.57,0.1045,0,1,1
2011-01-23,1,7,False,0,1,0.08,0.1061,0.58,0.1642,1,1,2
2011-01-23,1,8,False,0,1,0.06,0.0758,0.62,0.1642,2,17,19
2011-01-23,1,9,False,0,1,0.1,0.0758,0.54,0.3582,3,25,28
2011-01-23,1,10,False,0,1,0.14,0.1061,0.46,0.3881,7,51,58
2011-01-23,1,11,False,0,1,0.14,0.1364,0.43,0.2239,22,77,99
2011-01-23,1,12,False,0,1,0.16,0.1212,0.37,0.4627,24,92,116
2011-01-23,1,13,False,0,1,0.14,0.1061,0.33,0.3881,12,75,87
2011-01-23,1,14,False,0,1,0.16,0.1364,0.28,0.3582,17,93,110
2011-01-23,1,15,False,0,1,0.16,0.1364,0.28,0.3582,13,64,77
2011-01-23,1,16,False,0,1,0.16,0.1364,0.26,0.3284,9,56,65
2011-01-23,1,17,False,0,1,0.14,0.1061,0.26,0.3881,5,50,55
2011-01-23,1,18,False,0,1,0.12,0.1212,0.3,0.2537,5,44,49
2011-01-23,1,19,False,0,1,0.12,0.1212,0.3,0.2836,5,45,50
2011-01-23,1,20,False,0,1,0.1,0.1061,0.36,0.2537,4,31,35
2011-01-23,1,21,False,0,1,0.1,0.1061,0.36,0.194,5,20,25
2011-01-23,1,22,False,0,1,0.08,0.0909,0.38,0.194,5,23,28
2011-01-23,1,23,False,0,1,0.06,0.0606,0.41,0.2239,4,17,21
2011-01-24,1,0,False,1,1,0.06,0.0606,0.41,0.194,0,7,7
2011-01-24,1,1,False,1,1,0.04,0.0455,0.45,0.194,0,1,1
2011-01-24,1,3,False,1,1,0.04,0.0303,0.45,0.2537,0,1,1
2011-01-24,1,4,False,1,1,0.02,0.0606,0.48,0.1343,0,1,1
2011-01-24,1,5,False,1,1,0.02,0.0606,0.48,0.1343,0,5,5
2011-01-24,1,6,False,1,1,0.02,0.0758,0.48,0.0896,0,15,15
2011-01-24,1,7,False,1,1,0.02,0.1212,0.48,0.0,5,79,84
2011-01-24,1,8,False,1,1,0.04,0.1364,0.49,0.0,6,171,177
2011-01-24,1,9,False,1,1,0.06,0.1515,0.41,0.0,4,98,102
2011-01-24,1,10,False,1,1,0.1,0.1364,0.42,0.0,6,34,40
2011-01-24,1,11,False,1,1,0.1,0.1212,0.46,0.1343,3,43,46
2011-01-24,1,12,False,1,2,0.12,0.1364,0.42,0.194,11,52,63
2011-01-24,1,13,False,1,2,0.14,0.1364,0.43,0.2239,6,54,60
2011-01-24,1,14,False,1,2,0.14,0.1364,0.46,0.2239,2,43,45
2011-01-24,1,15,False,1,1,0.16,0.1667,0.4,0.1642,7,50,57
2011-01-24,1,16,False,1,1,0.16,0.1515,0.47,0.2537,4,66,70
2011-01-24,1,17,False,1,1,0.14,0.1212,0.5,0.2537,6,178,184
2011-01-24,1,18,False,1,1,0.14,0.1364,0.59,0.194,8,145,153
2011-01-24,1,19,False,1,1,0.14,0.1515,0.54,0.1642,5,101,106
2011-01-24,1,20,False,1,1,0.14,0.1364,0.59,0.194,1,80,81
2011-01-24,1,21,False,1,1,0.14,0.1515,0.63,0.1642,6,53,59
2011-01-24,1,22,False,1,2,0.14,0.1364,0.63,0.2239,3,32,35
2011-01-24,1,23,False,1,2,0.16,0.1515,0.64,0.2537,3,21,24
2011-01-25,1,0,False,2,2,0.16,0.1364,0.69,0.2836,3,6,9
2011-01-25,1,1,False,2,2,0.16,0.1667,0.69,0.1642,0,5,5
2011-01-25,1,2,False,2,1,0.16,0.1515,0.69,0.2239,0,2,2
2011-01-25,1,4,False,2,1,0.14,0.1667,0.74,0.1045,0,1,1
2011-01-25,1,5,False,2,1,0.14,0.1364,0.74,0.2239,0,9,9
2011-01-25,1,6,False,2,1,0.16,0.1818,0.74,0.1045,1,35,36
2011-01-25,1,7,False,2,1,0.16,0.1515,0.74,0.2239,5,103,108
2011-01-25,1,8,False,2,2,0.16,0.1818,0.74,0.1343,5,233,238
2011-01-25,1,9,False,2,2,0.2,0.2273,0.64,0.0896,10,134,144
2011-01-25,1,10,False,2,2,0.22,0.2424,0.6,0.1045,6,49,55
2011-01-25,1,11,False,2,2,0.24,0.2424,0.6,0.1343,6,55,61
2011-01-25,1,12,False,2,2,0.26,0.2879,0.56,0.0896,21,85,106
2011-01-25,1,13,False,2,2,0.26,0.2727,0.56,0.1343,21,72,93
2011-01-25,1,14,False,2,2,0.3,0.3333,0.45,0.0,11,57,68
2011-01-25,1,15,False,2,2,0.32,0.3485,0.42,0.0,21,63,84
2011-01-25,1,16,False,2,2,0.32,0.3485,0.42,0.0,14,102,116
2011-01-25,1,17,False,2,1,0.3,0.3333,0.45,0.0,14,208,222
2011-01-25,1,18,False,2,2,0.3,0.3182,0.49,0.0896,7,218,225
2011-01-25,1,19,False,2,2,0.26,0.2576,0.65,0.1642,13,133,146
2011-01-25,1,20,False,2,1,0.24,0.2273,0.65,0.194,16,103,119
2011-01-25,1,21,False,2,1,0.24,0.2273,0.65,0.194,5,40,45
2011-01-25,1,22,False,2,1,0.22,0.2273,0.64,0.1642,4,49,53
2011-01-25,1,23,False,2,2,0.22,0.2273,0.64,0.1642,3,37,40
2011-01-26,1,0,False,3,2,0.22,0.2273,0.69,0.1343,3,14,17
2011-01-26,1,1,False,3,2,0.24,0.2424,0.65,0.1343,0,5,5
2011-01-26,1,2,False,3,3,0.22,0.2273,0.69,0.194,3,7,10
2011-01-26,1,5,False,3,3,0.2,0.1818,0.86,0.2836,0,1,1
2011-01-26,1,6,False,3,3,0.2,0.1818,0.86,0.2836,0,8,8
2011-01-26,1,7,False,3,3,0.22,0.2121,0.87,0.2985,1,29,30
2011-01-26,1,8,False,3,3,0.22,0.2121,0.87,0.2985,3,69,72
2011-01-26,1,9,False,3,3,0.22,0.2121,0.87,0.2985,3,55,58
2011-01-26,1,10,False,3,3,0.22,0.2121,0.93,0.2836,2,26,28
2011-01-26,1,11,False,3,3,0.22,0.197,0.93,0.3284,6,35,41
2011-01-26,1,12,False,3,3,0.22,0.197,0.93,0.3284,7,41,48
2011-01-26,1,13,False,3,3,0.22,0.197,0.93,0.3284,4,43,47
2011-01-26,1,14,False,3,3,0.22,0.197,0.93,0.3582,0,36,36
2011-01-26,1,15,False,3,3,0.22,0.1818,0.93,0.4627,1,42,43
2011-01-26,1,16,False,3,4,0.22,0.197,0.93,0.3284,1,35,36
2011-01-26,1,17,False,3,3,0.2,0.1818,0.93,0.3582,0,26,26
2011-01-27,1,16,False,4,1,0.22,0.2273,0.55,0.194,1,23,24
2011-01-27,1,17,False,4,1,0.22,0.2424,0.55,0.1045,2,82,84
2011-01-27,1,18,False,4,1,0.2,0.2273,0.69,0.0896,3,101,104
2011-01-27,1,19,False,4,1,0.2,0.2273,0.69,0.0896,3,76,79
2011-01-27,1,20,False,4,1,0.18,0.2121,0.74,0.0896,4,55,59
2011-01-27,1,21,False,4,1,0.18,0.2121,0.74,0.0896,2,36,38
2011-01-27,1,22,False,4,1,0.18,0.2121,0.74,0.0896,0,27,27
2011-01-27,1,23,False,4,1,0.18,0.197,0.8,0.1642,0,16,16
2011-01-28,1,0,False,5,2,0.2,0.2121,0.75,0.1343,0,9,9
2011-01-28,1,1,False,5,2,0.2,0.2121,0.75,0.1343,1,2,3
2011-01-28,1,2,False,5,2,0.2,0.2121,0.75,0.1642,0,2,2
2011-01-28,1,3,False,5,2,0.2,0.2273,0.75,0.1045,1,0,1
2011-01-28,1,5,False,5,2,0.18,0.2121,0.8,0.1045,0,4,4
2011-01-28,1,6,False,5,2,0.18,0.197,0.8,0.1343,0,16,16
2011-01-28,1,7,False,5,2,0.16,0.197,0.86,0.0896,2,58,60
2011-01-28,1,8,False,5,2,0.16,0.197,0.86,0.0896,2,155,157
2011-01-28,1,9,False,5,3,0.18,0.2121,0.86,0.0896,6,95,101
2011-01-28,1,10,False,5,3,0.18,0.2121,0.86,0.1045,0,49,49
2011-01-28,1,11,False,5,3,0.18,0.2121,0.93,0.1045,0,30,30
2011-01-28,1,12,False,5,3,0.18,0.2121,0.93,0.1045,1,28,29
2011-01-28,1,13,False,5,3,0.18,0.2121,0.93,0.1045,0,31,31
2011-01-28,1,14,False,5,3,0.22,0.2727,0.8,0.0,2,36,38
2011-01-28,1,15,False,5,2,0.2,0.2576,0.86,0.0,1,40,41
2011-01-29,1,1,False,6,1,0.22,0.2273,0.64,0.194,0,20,20
2011-01-29,1,2,False,6,1,0.22,0.2273,0.64,0.1642,0,15,15
2011-01-29,1,3,False,6,1,0.2,0.2121,0.64,0.1343,3,5,8
2011-01-29,1,4,False,6,1,0.16,0.1818,0.69,0.1045,1,2,3
2011-01-29,1,6,False,6,1,0.16,0.1818,0.64,0.1343,0,2,2
2011-01-29,1,7,False,6,1,0.16,0.1818,0.59,0.1045,1,4,5
2011-01-29,1,8,False,6,1,0.18,0.197,0.55,0.1642,3,31,34
2011-01-29,1,9,False,6,1,0.18,0.2121,0.59,0.0896,0,34,34
2011-01-29,1,10,False,6,2,0.18,0.2121,0.64,0.1045,4,51,55
2011-01-29,1,11,False,6,2,0.18,0.197,0.64,0.1343,4,60,64
2011-01-29,1,12,False,6,2,0.2,0.197,0.59,0.194,12,66,78
2011-01-29,1,13,False,6,2,0.22,0.2273,0.55,0.1642,9,56,65
2011-01-29,1,14,False,6,2,0.22,0.2273,0.6,0.1343,10,89,99
2011-01-29,1,15,False,6,1,0.22,0.2121,0.69,0.2537,22,98,120
2011-01-29,1,16,False,6,1,0.24,0.2424,0.6,0.1642,19,88,107
2011-01-29,1,17,False,6,1,0.24,0.2879,0.6,0.0,9,82,91
2011-01-29,1,18,False,6,1,0.22,0.2273,0.69,0.1343,9,59,68
2011-01-29,1,19,False,6,2,0.22,0.2121,0.69,0.2537,6,52,58
2011-01-29,1,20,False,6,1,0.18,0.2121,0.74,0.0896,1,42,43
2011-01-29,1,21,False,6,1,0.18,0.2121,0.74,0.0896,1,35,36
2011-01-29,1,22,False,6,1,0.16,0.197,0.8,0.0896,4,28,32
2011-01-29,1,23,False,6,1,0.16,0.197,0.8,0.0896,3,30,33
2011-01-30,1,0,False,0,1,0.16,0.1818,0.8,0.1045,0,33,33
2011-01-30,1,1,False,0,1,0.14,0.2121,0.8,0.0,7,22,29
2011-01-30,1,2,False,0,1,0.16,0.2273,0.8,0.0,1,10,11
2011-01-30,1,3,False,0,1,0.14,0.2121,0.93,0.0,1,7,8
2011-01-30,1,4,False,0,1,0.14,0.2121,0.93,0.0,0,1,1
2011-01-30,1,5,False,0,1,0.14,0.2121,0.86,0.0,0,3,3
2011-01-30,1,7,False,0,1,0.14,0.2121,0.86,0.0,0,3,3
2011-01-30,1,8,False,0,2,0.14,0.2121,0.86,0.0,1,11,12
2011-01-30,1,9,False,0,2,0.16,0.2273,0.8,0.0,4,34,38
2011-01-30,1,10,False,0,2,0.18,0.2424,0.8,0.0,7,57,64
2011-01-30,1,11,False,0,1,0.22,0.2727,0.75,0.0,9,50,59
2011-01-30,1,12,False,0,1,0.3,0.3182,0.52,0.1045,10,87,97
2011-01-30,1,13,False,0,1,0.28,0.2879,0.61,0.1045,13,71,84
2011-01-30,1,14,False,0,1,0.28,0.303,0.61,0.0896,18,104,122
2011-01-30,1,15,False,0,1,0.3,0.3333,0.56,0.0,14,95,109
2011-01-30,1,16,False,0,1,0.3,0.3333,0.56,0.0,19,104,123
2011-01-30,1,17,False,0,1,0.3,0.2879,0.56,0.194,6,71,77
2011-01-30,1,18,False,0,1,0.26,0.2576,0.65,0.1642,8,57,65
2011-01-30,1,19,False,0,1,0.26,0.2576,0.65,0.194,9,46,55
2011-01-30,1,20,False,0,2,0.26,0.2727,0.65,0.1045,3,30,33
2011-01-30,1,21,False,0,2,0.24,0.2424,0.7,0.1642,3,25,28
2011-01-30,1,22,False,0,2,0.24,0.2273,0.7,0.194,2,19,21
2011-01-30,1,23,False,0,2,0.24,0.2121,0.65,0.2836,5,16,21
2011-01-31,1,0,False,1,2,0.24,0.2273,0.65,0.2239,1,6,7
2011-01-31,1,1,False,1,1,0.22,0.2121,0.64,0.2537,2,5,7
2011-01-31,1,2,False,1,1,0.22,0.2273,0.64,0.194,0,1,1
2011-01-31,1,3,False,1,1,0.22,0.2273,0.64,0.194,0,2,2
2011-01-31,1,4,False,1,1,0.2,0.197,0.59,0.2239,0,2,2
2011-01-31,1,5,False,1,1,0.18,0.1667,0.64,0.2836,0,8,8
2011-01-31,1,6,False,1,1,0.16,0.1364,0.69,0.3284,0,37,37
2011-01-31,1,7,False,1,2,0.16,0.1364,0.64,0.2836,1,71,72
2011-01-31,1,8,False,1,2,0.16,0.1364,0.59,0.2836,3,182,185
2011-01-31,1,9,False,1,2,0.16,0.1364,0.59,0.2985,0,112,112
2011-01-31,1,10,False,1,2,0.16,0.1515,0.59,0.194,1,68,69
2011-01-31,1,11,False,1,2,0.16,0.1515,0.59,0.194,2,46,48
2011-01-31,1,12,False,1,2,0.18,0.2121,0.55,0.1045,6,62,68
2011-01-31,1,13,False,1,2,0.16,0.2273,0.59,0.0,2,52,54
2011-01-31,1,14,False,1,2,0.18,0.197,0.55,0.1343,1,85,86
2011-01-31,1,15,False,1,2,0.16,0.1818,0.59,0.1343,3,41,44
2011-01-31,1,16,False,1,2,0.16,0.1818,0.56,0.194,3,83,86
2011-01-31,1,17,False,1,2,0.16,0.1515,0.59,0.194,6,155,161
2011-01-31,1,18,False,1,2,0.16,0.1515,0.55,0.2239,3,153,156
2011-01-31,1,19,False,1,1,0.3,0.3182,0.61,0.1045,3,108,111
2011-01-31,1,20,False,1,3,0.16,0.1667,0.59,0.1642,0,78,78
2011-01-31,1,21,False,1,3,0.16,0.197,0.59,0.0896,3,53,56
2011-01-31,1,22,False,1,2,0.16,0.1818,0.59,0.1045,0,34,34
2011-01-31,1,23,False,1,2,0.16,0.197,0.64,0.0896,2,15,17
2011-01-02,2,0,False,2,2,0.16,0.1818,0.64,0.1045,2,6,8
2011-01-02,2,1,False,2,2,0.16,0.1818,0.69,0.1045,0,3,3
2011-01-02,2,2,False,2,2,0.16,0.2273,0.69,0.0,0,2,2
2011-01-02,2,3,False,2,2,0.16,0.2273,0.69,0.0,0,2,2
2011-01-02,2,5,False,2,3,0.14,0.2121,0.93,0.0,0,3,3
2011-01-02,2,6,False,2,3,0.14,0.2121,0.93,0.0,0,22,22
2011-01-02,2,7,False,2,3,0.16,0.2273,0.93,0.0,0,52,52
2011-01-02,2,8,False,2,3,0.16,0.2273,0.93,0.0,3,132,135
2011-01-02,2,9,False,2,2,0.16,0.2273,0.93,0.0,2,114,116
2011-01-02,2,10,False,2,2,0.16,0.2273,0.93,0.0,0,47,47
2011-01-02,2,11,False,2,2,0.18,0.2424,0.86,0.0,2,49,51
2011-01-02,2,12,False,2,2,0.2,0.2576,0.86,0.0,2,53,55
2011-01-02,2,13,False,2,2,0.2,0.2576,0.86,0.0,3,49,52
2011-01-02,2,14,False,2,2,0.22,0.2576,0.8,0.0896,5,49,54
2011-01-02,2,15,False,2,2,0.24,0.2879,0.75,0.0,7,45,52
2011-01-02,2,16,False,2,2,0.24,0.2424,0.75,0.1343,3,61,64
2011-01-02,2,17,False,2,2,0.24,0.2879,0.75,0.0,4,172,176
2011-01-02,2,18,False,2,2,0.24,0.2576,0.81,0.1045,3,165,168
2011-01-02,2,19,False,2,2,0.24,0.2424,0.81,0.1343,3,105,108
2011-01-02,2,20,False,2,2,0.22,0.2273,0.87,0.1343,5,69,74
2011-01-02,2,21,False,2,2,0.22,0.2273,0.87,0.1343,0,64,64
2011-01-02,2,22,False,2,2,0.22,0.2576,0.87,0.0896,2,34,36
2011-01-02,2,23,False,2,3,0.2,0.197,0.93,0.194,1,15,16
2011-02-02,2,0,False,3,3,0.22,0.2424,0.93,0.1045,0,2,2
2011-02-02,2,1,False,3,3,0.22,0.2273,0.93,0.194,0,3,3
2011-02-02,2,2,False,3,3,0.22,0.2273,0.93,0.1343,4,0,4
2011-02-02,2,3,False,3,3,0.22,0.2273,0.93,0.1343,0,1,1
2011-02-02,2,4,False,3,3,0.22,0.2121,0.93,0.2836,0,1,1
2011-02-02,2,5,False,3,3,0.22,0.2424,0.93,0.1045,0,3,3
2011-02-02,2,6,False,3,3,0.22,0.2424,0.93,0.1045,1,17,18
2011-02-02,2,7,False,3,3,0.22,0.2121,0.93,0.2239,1,48,49
2011-02-02,2,8,False,3,3,0.22,0.2121,0.93,0.2239,1,154,155
2011-02-02,2,9,False,3,2,0.24,0.2576,0.93,0.0896,4,119,123
2011-02-02,2,10,False,3,2,0.22,0.2727,1.0,0.0,2,59,61
2011-02-02,2,11,False,3,2,0.24,0.2273,0.93,0.194,5,47,52
2011-02-02,2,12,False,3,2,0.24,0.2273,0.93,0.2239,3,61,64
2011-02-02,2,13,False,3,1,0.34,0.3333,0.93,0.1642,1,74,75
2011-02-02,2,14,False,3,1,0.38,0.3939,0.82,0.3881,2,61,63
2011-02-02,2,15,False,3,1,0.38,0.3939,0.76,0.3284,10,66,76
2011-02-02,2,16,False,3,1,0.36,0.3333,0.71,0.2985,8,95,103
2011-02-02,2,17,False,3,1,0.36,0.3182,0.53,0.5224,7,183,190
2011-02-02,2,18,False,3,1,0.34,0.2879,0.42,0.5522,7,175,182
2011-02-02,2,19,False,3,1,0.28,0.2424,0.45,0.4925,3,88,91
2011-02-02,2,20,False,3,1,0.24,0.197,0.48,0.5522,4,71,75
2011-02-02,2,21,False,3,1,0.22,0.197,0.47,0.3284,1,62,63
2011-02-02,2,22,False,3,1,0.22,0.2121,0.44,0.2537,5,35,40
2011-02-02,2,23,False,3,1,0.2,0.1667,0.44,0.4478,3,29,32
2011-03-02,2,0,False,4,1,0.2,0.1667,0.4,0.4478,1,11,12
2011-03-02,2,1,False,4,1,0.2,0.1515,0.44,0.5224,0,5,5
2011-03-02,2,2,False,4,1,0.18,0.1667,0.43,0.2537,0,2,2
2011-03-02,2,3,False,4,1,0.18,0.1667,0.43,0.2537,0,1,1
2011-03-02,2,5,False,4,1,0.16,0.1364,0.5,0.2985,0,2,2
2011-03-02,2,6,False,4,1,0.16,0.1364,0.43,0.3582,0,39,39
2011-03-02,2,7,False,4,1,0.14,0.1212,0.5,0.3284,1,86,87
2011-03-02,2,8,False,4,1,0.14,0.1212,0.5,0.3582,4,184,188
2011-03-02,2,9,False,4,1,0.16,0.1364,0.47,0.2985,6,127,133
2011-03-02,2,10,False,4,1,0.18,0.1515,0.43,0.3284,2,50,52
2011-03-02,2,11,False,4,1,0.18,0.1364,0.43,0.4478,9,55,64
2011-03-02,2,12,False,4,1,0.2,0.1818,0.4,0.3582,2,67,69
2011-03-02,2,13,False,4,1,0.2,0.1667,0.4,0.4179,4,47,51
2011-03-02,2,14,False,4,1,0.22,0.197,0.37,0.3881,4,43,47
2011-03-02,2,15,False,4,1,0.22,0.197,0.37,0.3284,4,56,60
2011-03-02,2,16,False,4,1,0.22,0.2121,0.37,0.2537,5,73,78
2011-03-02,2,17,False,4,1,0.2,0.197,0.4,0.194,5,170,175
2011-03-02,2,18,False,4,1,0.2,0.2121,0.4,0.1642,2,145,147
2011-03-02,2,19,False,4,1,0.2,0.2576,0.4,0.0,4,92,96
2011-03-02,2,20,False,4,1,0.2,0.2273,0.47,0.0896,1,108,109
2011-03-02,2,21,False,4,1,0.18,0.2121,0.55,0.1045,1,53,54
2011-03-02,2,22,False,4,1,0.18,0.2121,0.51,0.0896,2,39,41
2011-03-02,2,23,False,4,1,0.2,0.2273,0.47,0.1045,4,34,38
2011-04-02,2,0,False,5,2,0.2,0.2576,0.44,0.0,3,10,13
2011-04-02,2,1,False,5,2,0.16,0.2273,0.59,0.0,0,7,7
2011-04-02,2,2,False,5,2,0.14,0.1667,0.63,0.1045,0,1,1
2011-04-02,2,3,False,5,2,0.14,0.1667,0.63,0.1045,0,1,1
2011-04-02,2,5,False,5,2,0.14,0.1515,0.63,0.1343,0,7,7
2011-04-02,2,6,False,5,2,0.16,0.2273,0.55,0.0,2,26,28
2011-04-02,2,7,False,5,1,0.14,0.2121,0.59,0.0,0,87,87
2011-04-02,2,8,False,5,1,0.14,0.1515,0.74,0.1343,3,217,220
2011-04-02,2,9,False,5,2,0.16,0.1818,0.8,0.1343,3,124,127
2011-04-02,2,10,False,5,2,0.2,0.2121,0.51,0.1343,5,46,51
2011-04-02,2,11,False,5,1,0.22,0.2273,0.51,0.1642,3,61,64
2011-04-02,2,12,False,5,2,0.24,0.2424,0.48,0.1642,8,78,86
2011-04-02,2,13,False,5,2,0.26,0.2576,0.5,0.2239,9,73,82
2011-04-02,2,14,False,5,2,0.28,0.2727,0.45,0.1642,15,76,91
2011-04-02,2,15,False,5,2,0.28,0.2727,0.48,0.2537,9,81,90
2011-04-02,2,16,False,5,2,0.3,0.2879,0.42,0.2239,8,91,99
2011-04-02,2,17,False,5,2,0.26,0.2727,0.56,0.1343,10,195,205
2011-04-02,2,18,False,5,2,0.24,0.2576,0.6,0.1045,3,152,155
2011-04-02,2,19,False,5,2,0.24,0.2424,0.65,0.1343,1,102,103
2011-04-02,2,20,False,5,2,0.24,0.2424,0.65,0.1642,2,69,71
2011-04-02,2,21,False,5,2,0.24,0.2424,0.7,0.1642,2,41,43
2011-04-02,2,22,False,5,2,0.24,0.2424,0.65,0.1642,1,45,46
2011-04-02,2,23,False,5,2,0.24,0.2424,0.7,0.1343,1,30,31
2011-05-02,2,0,False,6,2,0.24,0.2424,0.7,0.1642,3,36,39
2011-05-02,2,1,False,6,2,0.24,0.2424,0.65,0.1642,1,17,18
2011-05-02,2,2,False,6,2,0.24,0.2424,0.75,0.1642,5,12,17
2011-05-02,2,3,False,6,2,0.24,0.2424,0.75,0.1642,1,10,11
2011-05-02,2,4,False,6,3,0.22,0.2273,0.93,0.1343,0,8,8
2011-05-02,2,5,False,6,3,0.2,0.2273,1.0,0.0896,0,9,9
2011-05-02,2,6,False,6,3,0.2,0.2576,1.0,0.0,0,4,4
2011-05-02,2,7,False,6,3,0.22,0.2576,0.93,0.0896,0,4,4
2011-05-02,2,8,False,6,3,0.2,0.2273,1.0,0.0896,0,10,10
2011-05-02,2,9,False,6,3,0.2,0.2273,1.0,0.0896,3,17,20
2011-05-02,2,10,False,6,3,0.2,0.2121,1.0,0.1343,3,31,34
2011-05-02,2,11,False,6,3,0.22,0.2273,1.0,0.1343,1,46,47
2011-05-02,2,12,False,6,3,0.22,0.2273,1.0,0.1642,10,42,52
2011-05-02,2,13,False,6,3,0.22,0.2273,1.0,0.1642,10,62,72
2011-05-02,2,14,False,6,3,0.22,0.2727,1.0,0.0,5,50,55
2011-05-02,2,15,False,6,3,0.22,0.2727,1.0,0.0,11,49,60
2011-05-02,2,16,False,6,3,0.22,0.2273,1.0,0.1343,8,63,71
2011-05-02,2,17,False,6,2,0.24,0.2121,1.0,0.2836,14,64,78
2011-05-02,2,18,False,6,2,0.28,0.2424,0.93,0.4478,2,81,83
2011-05-02,2,19,False,6,2,0.28,0.2424,0.93,0.4478,6,78,84
2011-05-02,2,20,False,6,1,0.3,0.2879,0.87,0.2537,5,64,69
2011-05-02,2,21,False,6,1,0.26,0.2576,1.0,0.194,3,53,56
2011-05-02,2,22,False,6,1,0.26,0.2727,0.93,0.1343,2,43,45
2011-05-02,2,23,False,6,1,0.26,0.2576,0.93,0.2239,7,52,59
2011-06-02,2,0,False,0,1,0.26,0.2576,0.7,0.194,2,37,39
2011-06-02,2,1,False,0,1,0.26,0.2273,0.65,0.4179,4,40,44
2011-06-02,2,2,False,0,1,0.26,0.2273,0.6,0.3284,0,20,20
2011-06-02,2,3,False,0,1,0.26,0.2879,0.6,0.0896,3,10,13
2011-06-02,2,4,False,0,1,0.26,0.2273,0.6,0.3582,0,2,2
2011-06-02,2,5,False,0,1,0.26,0.2576,0.6,0.2239,0,1,1
2011-06-02,2,6,False,0,1,0.26,0.2576,0.6,0.2239,0,1,1
2011-06-02,2,7,False,0,1,0.24,0.2424,0.65,0.1642,0,8,8
2011-06-02,2,8,False,0,1,0.24,0.2576,0.65,0.1045,2,21,23
2011-06-02,2,9,False,0,1,0.28,0.2879,0.56,0.1045,7,38,45
2011-06-02,2,10,False,0,1,0.3,0.2879,0.52,0.2537,15,74,89
2011-06-02,2,11,False,0,1,0.32,0.303,0.49,0.2537,28,89,117
2011-06-02,2,12,False,0,1,0.34,0.3333,0.46,0.0,48,126,174
2011-06-02,2,13,False,0,1,0.34,0.3636,0.46,0.0,47,135,182
2011-06-02,2,14,False,0,1,0.34,0.3485,0.46,0.0896,47,114,161
2011-06-02,2,15,False,0,1,0.34,0.3485,0.46,0.0896,52,130,182
2011-06-02,2,16,False,0,1,0.34,0.3485,0.49,0.1045,42,115,157
2011-06-02,2,17,False,0,1,0.34,0.3636,0.46,0.0,24,97,121
2011-06-02,2,18,False,0,1,0.3,0.303,0.56,0.1642,13,65,78
2011-06-02,2,19,False,0,1,0.28,0.2879,0.61,0.1343,1,20,21
2011-06-02,2,20,False,0,1,0.28,0.2879,0.61,0.1045,5,21,26
2011-06-02,2,21,False,0,1,0.26,0.303,0.6,0.0,5,22,27
2011-06-02,2,22,False,0,1,0.26,0.303,0.6,0.0,5,57,62
2011-06-02,2,23,False,0,1,0.24,0.2879,0.65,0.0,4,26,30
2011-07-02,2,0,False,1,1,0.24,0.2879,0.65,0.0,1,14,15
2011-07-02,2,1,False,1,1,0.22,0.2727,0.75,0.0,1,4,5
2011-07-02,2,2,False,1,1,0.2,0.2576,0.8,0.0,0,3,3
2011-07-02,2,3,False,1,1,0.2,0.2576,0.86,0.0,0,1,1
2011-07-02,2,4,False,1,1,0.2,0.2576,0.86,0.0,1,1,2
2011-07-02,2,5,False,1,1,0.2,0.2576,0.86,0.0,1,9,10
2011-07-02,2,6,False,1,1,0.18,0.2424,0.93,0.0,1,29,30
2011-07-02,2,7,False,1,1,0.18,0.2424,0.86,0.0,6,89,95
2011-07-02,2,8,False,1,2,0.16,0.2273,1.0,0.0,7,223,230
2011-07-02,2,9,False,1,1,0.22,0.2727,0.8,0.0,3,115,118
2011-07-02,2,10,False,1,1,0.24,0.2576,0.75,0.1045,6,49,55
2011-07-02,2,11,False,1,1,0.3,0.3182,0.65,0.0896,11,36,47
2011-07-02,2,12,False,1,2,0.32,0.3485,0.62,0.0,7,59,66
2011-07-02,2,13,False,1,2,0.36,0.3636,0.57,0.0896,10,54,64
2011-07-02,2,14,False,1,2,0.36,0.3636,0.57,0.0896,8,52,60
2011-07-02,2,15,False,1,2,0.38,0.3939,0.54,0.0896,4,46,50
2011-07-02,2,16,False,1,2,0.36,0.3485,0.57,0.1343,16,98,114
2011-07-02,2,17,False,1,2,0.32,0.3182,0.7,0.1642,9,207,216
2011-07-02,2,18,False,1,2,0.34,0.3333,0.66,0.1343,5,170,175
2011-07-02,2,19,False,1,2,0.32,0.3485,0.7,0.0,5,123,128
2011-07-02,2,20,False,1,2,0.32,0.3333,0.7,0.1045,6,82,88
2011-07-02,2,21,False,1,1,0.32,0.3485,0.7,0.0,3,75,78
2011-07-02,2,22,False,1,1,0.28,0.303,0.81,0.0896,3,34,37
2011-07-02,2,23,False,1,2,0.3,0.3333,0.81,0.0,6,19,25
2011-08-02,2,0,False,2,2,0.28,0.3182,0.87,0.0,4,6,10
2011-08-02,2,1,False,2,2,0.28,0.3182,0.87,0.0,0,4,4
2011-08-02,2,2,False,2,2,0.26,0.2727,0.93,0.1045,1,1,2
2011-08-02,2,3,False,2,3,0.28,0.2727,0.93,0.1642,0,1,1
2011-08-02,2,4,False,2,1,0.26,0.2576,0.93,0.1642,0,3,3
2011-08-02,2,5,False,2,1,0.26,0.2273,0.81,0.3284,0,2,2
2011-08-02,2,6,False,2,1,0.26,0.2273,0.7,0.3284,0,39,39
2011-08-02,2,7,False,2,1,0.24,0.197,0.65,0.4179,3,97,100
2011-08-02,2,8,False,2,1,0.24,0.197,0.56,0.4925,7,236,243
2011-08-02,2,9,False,2,1,0.24,0.197,0.52,0.4925,7,128,135
2011-08-02,2,10,False,2,1,0.22,0.1818,0.47,0.5522,4,44,48
2011-08-02,2,11,False,2,1,0.22,0.1818,0.47,0.4627,1,49,50
2011-08-02,2,12,False,2,1,0.24,0.197,0.38,0.4925,2,63,65
2011-08-02,2,13,False,2,2,0.24,0.197,0.32,0.4478,2,48,50
2011-08-02,2,14,False,2,1,0.22,0.197,0.37,0.4179,3,61,64
2011-08-02,2,15,False,2,1,0.22,0.197,0.35,0.3881,6,45,51
2011-08-02,2,16,False,2,1,0.22,0.1818,0.35,0.5224,4,79,83
2011-08-02,2,17,False,2,1,0.22,0.1818,0.32,0.5821,4,172,176
2011-08-02,2,18,False,2,1,0.2,0.1818,0.32,0.3881,1,151,152
2011-08-02,2,19,False,2,1,0.16,0.1212,0.4,0.4627,1,100,101
2011-08-02,2,20,False,2,1,0.16,0.1364,0.4,0.3284,3,53,56
2011-08-02,2,21,False,2,1,0.14,0.1061,0.33,0.4627,8,46,54
2011-08-02,2,22,False,2,1,0.12,0.1061,0.33,0.3582,0,29,29
2011-08-02,2,23,False,2,1,0.12,0.1061,0.33,0.3284,3,9,12
2011-09-02,2,0,False,3,1,0.1,0.0758,0.36,0.3582,0,17,17
2011-09-02,2,1,False,3,1,0.1,0.1061,0.36,0.2239,0,7,7
2011-09-02,2,2,False,3,1,0.08,0.0758,0.38,0.2836,1,2,3
2011-09-02,2,3,False,3,1,0.06,0.0758,0.45,0.1343,0,2,2
2011-09-02,2,5,False,3,1,0.06,0.1061,0.45,0.1045,0,7,7
2011-09-02,2,6,False,3,1,0.06,0.1515,0.45,0.0,0,43,43
2011-09-02,2,7,False,3,1,0.06,0.1061,0.49,0.1045,4,95,99
2011-09-02,2,8,False,3,1,0.1,0.1364,0.42,0.0,1,198,199
2011-09-02,2,9,False,3,1,0.12,0.1364,0.39,0.1642,4,119,123
2011-09-02,2,10,False,3,1,0.14,0.1818,0.36,0.0,8,51,59
2011-09-02,2,11,False,3,2,0.14,0.1515,0.43,0.1642,1,40,41
2011-09-02,2,12,False,3,2,0.18,0.1818,0.4,0.2239,4,57,61
2011-09-02,2,13,False,3,1,0.18,0.1667,0.4,0.2537,2,67,69
2011-09-02,2,14,False,3,1,0.2,0.1818,0.34,0.2985,2,56,58
2011-09-02,2,15,False,3,2,0.2,0.1818,0.34,0.2836,3,61,64
2011-09-02,2,16,False,3,2,0.2,0.197,0.37,0.2537,7,72,79
2011-09-02,2,17,False,3,2,0.2,0.197,0.34,0.2537,9,157,166
2011-09-02,2,18,False,3,2,0.18,0.1667,0.47,0.2985,2,168,170
2011-09-02,2,19,False,3,3,0.14,0.1212,0.86,0.2537,1,87,88
2011-09-02,2,20,False,3,3,0.14,0.1515,0.86,0.1642,0,84,84
2011-09-02,2,21,False,3,2,0.14,0.1515,0.86,0.1642,0,83,83
2011-09-02,2,22,False,3,3,0.16,0.1667,0.8,0.1642,4,42,46
2011-09-02,2,23,False,3,3,0.16,0.1515,0.8,0.194,0,37,37
2011-10-02,2,0,False,4,3,0.14,0.1364,0.86,0.194,0,16,16
2011-10-02,2,1,False,4,3,0.14,0.1515,0.8,0.1343,0,7,7
2011-10-02,2,2,False,4,3,0.14,0.1515,0.8,0.1343,0,3,3
2011-10-02,2,4,False,4,2,0.14,0.1364,0.59,0.2239,0,1,1
2011-10-02,2,5,False,4,2,0.12,0.1212,0.5,0.2239,0,6,6
2011-10-02,2,6,False,4,2,0.12,0.1212,0.54,0.2836,0,26,26
2011-10-02,2,7,False,4,1,0.1,0.0758,0.5,0.4179,0,99,99
2011-10-02,2,8,False,4,1,0.1,0.0758,0.49,0.3284,5,173,178
2011-10-02,2,9,False,4,1,0.12,0.1061,0.42,0.3582,1,121,122
2011-10-02,2,10,False,4,1,0.12,0.1061,0.42,0.2985,1,34,35
2011-10-02,2,11,False,4,1,0.14,0.1212,0.39,0.3582,1,44,45
2011-10-02,2,12,False,4,1,0.16,0.1364,0.34,0.3881,4,65,69
2011-10-02,2,13,False,4,1,0.18,0.1667,0.29,0.2985,3,59,62
2011-10-02,2,14,False,4,1,0.2,0.1818,0.27,0.2836,6,42,48
2011-10-02,2,15,False,4,1,0.2,0.197,0.25,0.2537,0,50,50
2011-10-02,2,16,False,4,1,0.2,0.1818,0.27,0.2985,4,76,80
2011-10-02,2,17,False,4,1,0.18,0.1818,0.26,0.194,6,159,165
2011-10-02,2,18,False,4,1,0.16,0.1818,0.28,0.1343,3,157,160
2011-10-02,2,19,False,4,1,0.14,0.1667,0.28,0.1045,2,110,112
2011-10-02,2,20,False,4,1,0.14,0.1818,0.31,0.0896,4,93,97
2011-10-02,2,21,False,4,1,0.14,0.2121,0.39,0.0,2,70,72
2011-10-02,2,22,False,4,1,0.12,0.197,0.39,0.0,4,47,51
2011-10-02,2,23,False,4,1,0.12,0.1515,0.42,0.1045,1,33,34
2011-11-02,2,0,False,5,1,0.1,0.1364,0.49,0.1045,2,12,14
2011-11-02,2,1,False,5,1,0.1,0.1364,0.54,0.0896,1,6,7
2011-11-02,2,2,False,5,1,0.1,0.1364,0.54,0.0896,0,3,3
2011-11-02,2,5,False,5,1,0.08,0.1212,0.63,0.0896,0,4,4
2011-11-02,2,6,False,5,1,0.1,0.1818,0.68,0.0,1,23,24
2011-11-02,2,7,False,5,1,0.08,0.1667,0.73,0.0,1,73,74
2011-11-02,2,8,False,5,1,0.1,0.1212,0.74,0.1642,4,212,216
2011-11-02,2,9,False,5,1,0.12,0.1212,0.74,0.2239,8,132,140
2011-11-02,2,10,False,5,1,0.14,0.1364,0.69,0.194,5,39,44
2011-11-02,2,11,False,5,1,0.22,0.2273,0.47,0.1343,12,52,64
2011-11-02,2,12,False,5,1,0.22,0.2273,0.47,0.1343,7,64,71
2011-11-02,2,13,False,5,1,0.24,0.2273,0.35,0.194,21,89,110
2011-11-02,2,14,False,5,1,0.3,0.2879,0.26,0.2537,17,67,84
2011-11-02,2,15,False,5,1,0.32,0.3182,0.21,0.1642,12,62,74
2011-11-02,2,16,False,5,1,0.3,0.2879,0.28,0.194,14,111,125
2011-11-02,2,17,False,5,1,0.3,0.3333,0.24,0.0,18,193,211
2011-11-02,2,18,False,5,1,0.28,0.3182,0.28,0.0,9,165,174
2011-11-02,2,19,False,5,1,0.26,0.303,0.33,0.0,7,94,101
2011-11-02,2,20,False,5,1,0.22,0.2273,0.55,0.1343,2,61,63
2011-11-02,2,21,False,5,1,0.2,0.2121,0.59,0.1343,1,46,47
2011-11-02,2,22,False,5,1,0.2,0.2273,0.64,0.0896,2,41,43
2011-11-02,2,23,False,5,1,0.18,0.2424,0.69,0.0,5,48,53
2011-12-02,2,0,False,6,1,0.16,0.197,0.69,0.0896,3,27,30
2011-12-02,2,1,False,6,1,0.14,0.2121,0.86,0.0,2,22,24
2011-12-02,2,2,False,6,1,0.14,0.2121,0.8,0.0,2,13,15
2011-12-02,2,3,False,6,1,0.12,0.197,0.8,0.0,3,7,10
2011-12-02,2,4,False,6,1,0.12,0.1667,0.74,0.0896,0,4,4
2011-12-02,2,5,False,6,1,0.12,0.1667,0.74,0.0896,0,1,1
2011-12-02,2,6,False,6,1,0.12,0.1364,0.93,0.194,1,1,2
2011-12-02,2,7,False,6,1,0.12,0.1515,0.8,0.1045,2,9,11
2011-12-02,2,8,False,6,1,0.14,0.1515,0.86,0.1343,2,28,30
2011-12-02,2,9,False,6,1,0.16,0.1818,0.64,0.1343,5,38,43
2011-12-02,2,10,False,6,1,0.22,0.2121,0.41,0.2537,13,71,84
2011-12-02,2,11,False,6,1,0.3,0.2727,0.28,0.3284,30,84,114
2011-12-02,2,12,False,6,1,0.3,0.2727,0.39,0.4627,27,93,120
2011-12-02,2,13,False,6,1,0.3,0.2727,0.39,0.4179,32,103,135
2011-12-02,2,14,False,6,1,0.34,0.3182,0.31,0.2836,30,90,120
2011-12-02,2,15,False,6,1,0.34,0.303,0.29,0.4179,47,127,174
2011-12-02,2,16,False,6,1,0.34,0.303,0.29,0.4179,42,103,145
2011-12-02,2,17,False,6,1,0.32,0.2879,0.31,0.5224,24,113,137
2011-12-02,2,18,False,6,1,0.28,0.2576,0.38,0.3284,4,60,64
2011-12-02,2,19,False,6,1,0.28,0.2727,0.38,0.1642,2,39,41
2011-12-02,2,20,False,6,1,0.26,0.2576,0.41,0.2239,1,39,40
2011-12-02,2,21,False,6,1,0.26,0.303,0.41,0.0,9,42,51
2011-12-02,2,22,False,6,1,0.24,0.2576,0.44,0.0896,6,39,45
2011-12-02,2,23,False,6,1,0.22,0.2273,0.51,0.1343,1,31,32
2011-02-13,2,0,False,0,1,0.2,0.2273,0.64,0.1045,5,34,39
2011-02-13,2,1,False,0,1,0.2,0.2273,0.59,0.0896,1,23,24
2011-02-13,2,2,False,0,2,0.2,0.2273,0.75,0.0896,1,19,20
2011-02-13,2,3,False,0,2,0.2,0.2273,0.69,0.1045,4,8,12
2011-02-13,2,4,False,0,2,0.2,0.2121,0.69,0.1642,0,2,2
2011-02-13,2,6,False,0,2,0.2,0.2121,0.69,0.1343,2,3,5
2011-02-13,2,7,False,0,2,0.22,0.2727,0.55,0.0,0,3,3
2011-02-13,2,8,False,0,2,0.22,0.2273,0.64,0.194,1,11,12
2011-02-13,2,9,False,0,2,0.24,0.2273,0.6,0.2239,12,35,47
2011-02-13,2,10,False,0,1,0.3,0.2727,0.45,0.3284,19,86,105
2011-02-13,2,11,False,0,1,0.32,0.2879,0.39,0.4478,26,86,112
2011-02-13,2,12,False,0,1,0.36,0.3182,0.32,0.4627,58,94,152
2011-02-13,2,13,False,0,1,0.38,0.3939,0.29,0.3582,62,92,154
2011-02-13,2,14,False,0,2,0.4,0.4091,0.3,0.4179,51,110,161
2011-02-13,2,15,False,0,2,0.4,0.4091,0.3,0.2985,40,122,162
2011-02-13,2,16,False,0,2,0.42,0.4242,0.28,0.3284,28,106,134
2011-02-13,2,17,False,0,1,0.42,0.4242,0.28,0.3284,30,95,125
2011-02-13,2,18,False,0,1,0.4,0.4091,0.32,0.2985,17,78,95
2011-02-13,2,19,False,0,1,0.4,0.4091,0.35,0.2836,11,50,61
2011-02-13,2,20,False,0,1,0.4,0.4091,0.35,0.3284,15,32,47
2011-02-13,2,21,False,0,1,0.4,0.4091,0.35,0.3582,6,45,51
2011-02-13,2,22,False,0,1,0.4,0.4091,0.35,0.2985,5,31,36
2011-02-13,2,23,False,0,1,0.4,0.4091,0.35,0.3582,3,27,30
2011-02-14,2,0,False,1,1,0.38,0.3939,0.37,0.3582,3,8,11
2011-02-14,2,1,False,1,1,0.38,0.3939,0.37,0.3582,1,6,7
2011-02-14,2,2,False,1,1,0.36,0.3333,0.4,0.2985,0,2,2
2011-02-14,2,3,False,1,1,0.34,0.3182,0.46,0.2239,1,1,2
2011-02-14,2,4,False,1,1,0.32,0.303,0.53,0.2836,0,2,2
2011-02-14,2,5,False,1,1,0.32,0.303,0.53,0.2836,0,3,3
2011-02-14,2,6,False,1,1,0.34,0.303,0.46,0.2985,1,25,26
2011-02-14,2,7,False,1,1,0.34,0.303,0.46,0.2985,2,96,98
2011-01-28,1,16,False,5,1,0.22,0.2727,0.8,0.0,10,70,80
2011-01-28,1,17,False,5,1,0.24,0.2424,0.75,0.1343,2,147,149
2011-01-28,1,18,False,5,1,0.24,0.2273,0.75,0.194,2,107,109
2011-01-28,1,19,False,5,2,0.24,0.2424,0.75,0.1343,5,84,89
2011-01-28,1,20,False,5,2,0.24,0.2273,0.7,0.194,1,61,62
2011-01-28,1,21,False,5,2,0.22,0.2273,0.75,0.1343,1,57,58
2011-01-28,1,22,False,5,1,0.24,0.2121,0.65,0.3582,0,26,26
2011-01-28,1,23,False,5,1,0.24,0.2273,0.6,0.2239,1,22,23
2011-01-29,1,0,False,6,1,0.22,0.197,0.64,0.3582,2,26,28
